{
   "name":"Ultimatum Example",
   "stages": 
       [{"name": "Propose", "activeScreen": "propose.jade", "waitingScreen": "wait.jade", "timeout": 30, "timeoutType": "ifnoinput", "start" : "wait"},
       {"name": "Respond", "activeScreen": "respond.jade", "waitingScreen": "wait.jade", "timeout": 30, "timeoutType": "ifnoinput", "start" : "wait"},
      {"name": "Profit Display", "activeScreen": "profit.jade", "waitingScreen": "wait.jade", "timeout": 30, "timeoutType":"ifnoinput"}],
   "payingPeriods": 2,
   "practicePeriods": 1,
   "groupSize": 2,
   "exchangeRate": 0.07,
   "startEndowment": 0,
   "showUpFee": 10
}
